Team,Name,Number
Team=Algeria,ABADA,3
Team=Algeria,AMOURA,18
Team=Algeria,AOUAR,8
Team=Algeria,AÏT NOURI,15
Team=Algeria,BELAID,5
Team=Algeria,BELGHALI,17
Team=Algeria,BENBOT,16
Team=Algeria,BENBOUALI,12
Team=Algeria,BENSEBAINI,21
Team=Algeria,BENTALEB,19
Team=Algeria,BOUDAOUI,14
Team=Algeria,BOULBINA,20
Team=Algeria,CHAIBI,10
Team=Algeria,CHRGUI,26
Team=Algeria,GHEDJEMIS,25
Team=Algeria,GOUIRI,9
Team=Algeria,HADJ MOUSSA,11
Team=Algeria,HADJAM,13
Team=Algeria,MAHREZ,7
Team=Algeria,MANDI,2
Team=Algeria,MASTIL,1
Team=Algeria,MAZA,22
Team=Algeria,TITRAOUI,24
Team=Algeria,TOUGAI,4
Team=Algeria,ZERROUKI,6
Team=Algeria,ZIDANE,23
Team=Argentina,ALMADA,16
Team=Argentina,SENESI,2
Team=Argentina,BARCO,8
Team=Argentina,DE PAUL,7
Team=Argentina,E. FERNANDEZ,24
Team=Argentina,E. MARTINEZ,23
Team=Argentina,J. ALVAREZ,9
Team=Argentina,L. MARTINEZ,22
Team=Argentina,LO CELSO,11
Team=Argentina,LOPEZ,21
Team=Argentina,MAC ALLISTER,20
Team=Argentina,MARTÍNEZ,6
Team=Argentina,MEDINA,25
Team=Argentina,MESSI,10
Team=Argentina,MOLINA,26
Team=Argentina,MONTIEL,4
Team=Argentina,MUSSO,1
Team=Argentina,N. GONZALEZ,15
Team=Argentina,NICO PAZ,18
Team=Argentina,OTAMENDI,19
Team=Argentina,PALACIOS,14
Team=Argentina,PAREDES,5
Team=Argentina,ROMERO,13
Team=Argentina,RULLI,12
Team=Argentina,SIMEONE,17
Team=Argentina,TAGLIAFICO,3
Team=Australia,BEACH,18
Team=Australia,BEHICH,16
Team=Australia,BOS,5
Team=Australia,BURGESS,21
Team=Australia,CIRCATI,3
Team=Australia,DEGENEK,2
Team=Australia,DEVLIN,14
Team=Australia,GERIA,6
Team=Australia,HERRINGTON,25
Team=Australia,HRUSTIC,10
Team=Australia,IRANKUNDA,17
Team=Australia,IRVINE,22
Team=Australia,ITALIANO,4
Team=Australia,IZZO,12
Team=Australia,LECKIE,7
Team=Australia,MABIL,11
Team=Australia,METCALFE,8
Team=Australia,O'NEILL,13
Team=Australia,OKON-ENGSTLER,24
Team=Australia,RYAN,1
Team=Australia,SOUTTAR,19
Team=Australia,TOURE,9
Team=Australia,TREWIN,15
Team=Australia,VELUPILLAY,23
Team=Australia,VOLPATO,20
Team=Australia,YENGI,26
Team=Austria,AFFENGRUBER,2
Team=Austria,ALABA,8
Team=Austria,ARNAUTOVIC,7
Team=Austria,LJUBIČIĆ,19
Team=Austria,CHUKWUEMEKA,17
Team=Austria,DANSO,3
Team=Austria,FRIEDL,23
Team=Austria,GREGORITSCH,11
Team=Austria,GRILLITSCH,10
Team=Austria,KALAJDZIC,14
Team=Austria,LAIMER,20
Team=Austria,LIENHART,15
Team=Austria,MWENE,16
Team=Austria,PENTZ,13
Team=Austria,POSCH,5
Team=Austria,PRASS,22
Team=Austria,SABITZER,9
Team=Austria,SCHLAGER,1
Team=Austria,SCHMID,18
Team=Austria,SCHÖPF,26
Team=Austria,SEIWALD,6
Team=Austria,SVOBODA,25
Team=Austria,WANNER,24
Team=Austria,WIEGELE,12
Team=Austria,WIMMER,21
Team=Austria,XAVER,4
Team=Belgium,CASTAGNE,21
Team=Belgium,COURTOIS,1
Team=Belgium,DE BRUYNE,7
Team=Belgium,DE CUYPER,5
Team=Belgium,DE KETELAERE,17
Team=Belgium,DE WINTER,16
Team=Belgium,DEBAST,2
Team=Belgium,DOKU,11
Team=Belgium,FERNANDEZ-PARDO,26
Team=Belgium,LAMMENS,12
Team=Belgium,LUKAKU,9
Team=Belgium,LUKEBAKIO,14
Team=Belgium,MECHELE,4
Team=Belgium,MEUNIER,15
Team=Belgium,MOREIRA,19
Team=Belgium,NGOY,25
Team=Belgium,ONANA,24
Team=Belgium,PENDERS,13
Team=Belgium,RASKIN,23
Team=Belgium,SAELEMAEKERS,22
Team=Belgium,SEYS,18
Team=Belgium,THEATE,3
Team=Belgium,TIELEMANS,8
Team=Belgium,TROSSARD,10
Team=Belgium,VANAKEN,20
Team=Belgium,WITSEL,6
Team=Bosnia and Herzegovina,ALAJBEGOVIĆ,19
Team=Bosnia and Herzegovina,BAJRAKTAREVIĆ,20
Team=Bosnia and Herzegovina,BAŠIĆ,13
Team=Bosnia and Herzegovina,BAŽDAR,9
Team=Bosnia and Herzegovina,BURNIĆ,17
Team=Bosnia and Herzegovina,DEDIĆ,7
Team=Bosnia and Herzegovina,DEMIROVIĆ,10
Team=Bosnia and Herzegovina,DŽEKO,11
Team=Bosnia and Herzegovina,GIGOVIĆ,8
Team=Bosnia and Herzegovina,HADŽIAHMETOVIĆ,16
Team=Bosnia and Herzegovina,HADŽIKADUNIĆ,3
Team=Bosnia and Herzegovina,JURKAS,12
Team=Bosnia and Herzegovina,KATIĆ,18
Team=Bosnia and Herzegovina,KOLAŠINAC,5
Team=Bosnia and Herzegovina,LUKIĆ,25
Team=Bosnia and Herzegovina,MAHMIĆ,26
Team=Bosnia and Herzegovina,MEMIĆ,15
Team=Bosnia and Herzegovina,MUHAREMOVIĆ,4
Team=Bosnia and Herzegovina,MUJAKIĆ,2
Team=Bosnia and Herzegovina,RADELJIĆ,21
Team=Bosnia and Herzegovina,TABAKOVIĆ,23
Team=Bosnia and Herzegovina,TAHIROVIĆ,6
Team=Bosnia and Herzegovina,VASILJ,1
Team=Bosnia and Herzegovina,ZLOMISLIĆ,22
Team=Bosnia and Herzegovina,MALIĆ,24
Team=Bosnia and Herzegovina,ŠUNJIĆ,14
Team=Brazil,A. BECKER,1
Team=Brazil,ALEX SANDRO,6
Team=Brazil,BREMER,14
Team=Brazil,BRUNO G.,8
Team=Brazil,CASEMIRO,5
Team=Brazil,CUNHA,9
Team=Brazil,DANILO,13
Team=Brazil,DANILO S.,18
Team=Brazil,DOUGLAS S.,16
Team=Brazil,EDERSON,23
Team=Brazil,ENDRICK,19
Team=Brazil,FABINHO,17
Team=Brazil,GABRIEL,3
Team=Brazil,IBAÑEZ,24
Team=Brazil,L. HENRIQUE,21
Team=Brazil,L. PAQUETÁ,20
Team=Brazil,LÉO PEREIRA,15
Team=Brazil,MARQUINHOS,4
Team=Brazil,MARTINELLI,22
Team=Brazil,NEYMAR JR,10
Team=Brazil,RAPHINHA,11
Team=Brazil,RAYAN,26
Team=Brazil,THIAGO,25
Team=Brazil,VINI JR.,7
Team=Brazil,ÉDERSON S.,2
Team=Brazil,WEVERTON,12
Team=Canada,AHMED,20
Team=Canada,BOMBITO,15
Team=Canada,BUCHANAN,17
Team=Canada,CHOINIÈRE,6
Team=Canada,CORNELIUS,13
Team=Canada,CRÉPEAU,16
Team=Canada,DAVIES,19
Team=Canada,DE FOUGEROLLES,4
Team=Canada,EUSTÀQUIO,7
Team=Canada,GOODMAN,18
Team=Canada,J. DAVID,10
Team=Canada,JOHNSTON,2
Team=Canada,JONES,3
Team=Canada,KONÉ,8
Team=Canada,LARIN,9
Team=Canada,LARYEA,22
Team=Canada,NELSON,26
Team=Canada,MILLAR,11
Team=Canada,OLUWASEYI,12
Team=Canada,OSORIO,21
Team=Canada,PROMISE,24
Team=Canada,SALIBA,25
Team=Canada,SHAFFELBURG,14
Team=Canada,SIGUR,23
Team=Canada,ST. CLAIR,1
Team=Canada,WATERMAN,5
Team=Cape Verde,ARCANJO,18
Team=Cape Verde,BENCHIMOL,9
Team=Cape Verde,BORGES,3
Team=Cape Verde,COSTA,5
Team=Cape Verde,D. DUARTE,14
Team=Cape Verde,DA COSTA,21
Team=Cape Verde,DOS SANTOS,23
Team=Cape Verde,HÉLIO,26
Team=Cape Verde,JOVANE,7
Team=Cape Verde,JOÃO PAULO,8
Team=Cape Verde,KELVIN,25
Team=Cape Verde,KEVIN L.,6
Team=Cape Verde,L. DUARTE,15
Team=Cape Verde,LIVRAMENTO,19
Team=Cape Verde,LOPES,4
Team=Cape Verde,LOPES CABRAL,13
Team=Cape Verde,MARCIO,12
Team=Cape Verde,MONTEIRO,10
Team=Cape Verde,MOREIRA,22
Team=Cape Verde,RODRIGUES,11
Team=Cape Verde,RYAN,20
Team=Cape Verde,SEMEDO,17
Team=Cape Verde,STOPIRA,2
Team=Cape Verde,VOZINHA,1
Team=Cape Verde,WAGNER P.,24
Team=Cape Verde,Y. SEMEDO,16
Team=Columbia,A. GOMEZ,26
Team=Columbia,ARIAS,4
Team=Columbia,C. HERNANDEZ,19
Team=Columbia,C. VARGAS,12
Team=Columbia,CAMPAZ,21
Team=Columbia,CARRASCAL,8
Team=Columbia,CORDOBA,9
Team=Columbia,D. MUÑOZ,2
Team=Columbia,J. ARIAS,11
Team=Columbia,J. LERMA,16
Team=Columbia,J. LUCUMI,3
Team=Columbia,J. MOJICA,17
Team=Columbia,JAMES,10
Team=Columbia,K. CASTAÑO,5
Team=Columbia,LUIS DIAZ,7
Team=Columbia,MACHADO,22
Team=Columbia,MONTERO,24
Team=Columbia,OSPINA,1
Team=Columbia,PORTILLA,15
Team=Columbia,PUERTA,14
Team=Columbia,QUINTERO,20
Team=Columbia,RICHARD RIOS,6
Team=Columbia,SANCHEZ,23
Team=Columbia,SUAREZ,25
Team=Columbia,W. DITTA,18
Team=Columbia,Y. MINA,13
Team=Croatia,BATURINA,16
Team=Croatia,BUDIMIR,11
Team=Croatia,ERLIĆ,25
Team=Croatia,FRUK,19
Team=Croatia,GVARDIOL,4
Team=Croatia,JAKIĆ,18
Team=Croatia,KOTARSKI,23
Team=Croatia,KOVAČIĆ,8
Team=Croatia,KRAMARIĆ,9
Team=Croatia,LIVAKOVIĆ,1
Team=Croatia,M. PAŠALIĆ,24
Team=Croatia,MATANOVIĆ,20
Team=Croatia,MODRIĆ,10
Team=Croatia,MORO,7
Team=Croatia,MUSA,26
Team=Croatia,P. SUČIĆ,17
Team=Croatia,PANDUR,12
Team=Croatia,PAŠALIĆ,15
Team=Croatia,PERIŠIĆ,14
Team=Croatia,PONGRAČIĆ,3
Team=Croatia,STANIŠIĆ,2
Team=Croatia,SUČIĆ,21
Team=Croatia,VLAŠIĆ,13
Team=Croatia,VUŠKOVIĆ,22
Team=Croatia,ĆALETA-CAR,5
Team=Croatia,ŠUTALO,6
Team=Curacao,ANTONISSE,11
Team=Curacao,BAZOER,23
Team=Curacao,BODAK,25
Team=Curacao,BRENET,20
Team=Curacao,CHONG,21
Team=Curacao,COMENENCIA,8
Team=Curacao,DOORNBUSCH,26
Team=Curacao,FELIDA,22
Team=Curacao,FLORANUS,5
Team=Curacao,FONVILLE,24
Team=Curacao,GAARI,3
Team=Curacao,GORRE,14
Team=Curacao,HANSEN,12
Team=Curacao,J. BACUNA,7
Team=Curacao,KASTANEER,19
Team=Curacao,KUWAS,17
Team=Curacao,L. BACUNA,10
Team=Curacao,LOCADIA,9
Team=Curacao,MARGARITHA,16
Team=Curacao,MARTHA,15
Team=Curacao,NOSLIN,13
Team=Curacao,OBISPO,18
Team=Curacao,ROEMERATOE,6
Team=Curacao,ROOM,1
Team=Curacao,SAMBO,2
Team=Curacao,VAN EIJMA,4
Team=Czech Republic,CHALOUPEK,6
Team=Czech Republic,CHORÝ,19
Team=Czech Republic,CHYTIL,13
Team=Czech Republic,COUFAL,5
Team=Czech Republic,DARIDA,8
Team=Czech Republic,DOUDĚRA,21
Team=Czech Republic,HLOŽEK,9
Team=Czech Republic,HOLEŠ,3
Team=Czech Republic,HORNÍČEK,23
Team=Czech Republic,HRANÁČ,4
Team=Czech Republic,JURÁSEK,14
Team=Czech Republic,KOVÁŘ,1
Team=Czech Republic,KREJČÍ,7
Team=Czech Republic,KUCHTA,11
Team=Czech Republic,PROVOD,17
Team=Czech Republic,SADÍLEK,18
Team=Czech Republic,SCHICK,10
Team=Czech Republic,SOCHŮREK,25
Team=Czech Republic,SOJKA,24
Team=Czech Republic,SOUČEK,22
Team=Czech Republic,STANĚK,16
Team=Czech Republic,VIŠINSKÝ,26
Team=Czech Republic,ZELENÝ,20
Team=Czech Republic,ZIMA,2
Team=Czech Republic,ČERV,12
Team=Czech Republic,ŠULC,15
Team=DR Congo,BAKAMBU,17
Team=DR Congo,BANZA,23
Team=DR Congo,BATUBINSIKA,5
Team=DR Congo,BONGONDA,10
Team=DR Congo,CIPENGA,9
Team=DR Congo,MESCHACK,13
Team=DR Congo,EPOLO,21
Team=DR Congo,FAYULU,16
Team=DR Congo,G. KALULU,24
Team=DR Congo,J. KAYEMBE,12
Team=DR Congo,KAKUTA,11
Team=DR Congo,KAPUADI,3
Team=DR Congo,KAYEMBE,25
Team=DR Congo,MASUAKU,26
Team=DR Congo,MAYELE,19
Team=DR Congo,MBEMBA,22
Team=DR Congo,MBUKU,7
Team=DR Congo,MOUTOUSSAMY,8
Team=DR Congo,MPASI,1
Team=DR Congo,MUKAU,6
Team=DR Congo,PICKEL,18
Team=DR Congo,SADIKI,14
Team=DR Congo,TSHIBOLA,15
Team=DR Congo,TUANZEBE,4
Team=DR Congo,WAN BISSAKA,2
Team=DR Congo,WISSA,20
Team=Ecuador,A. VALENCIA,8
Team=Ecuador,ALCIVAR,5
Team=Ecuador,ANGULO,20
Team=Ecuador,AREVALO,24
Team=Ecuador,CASTILLO,18
Team=Ecuador,E. VALENCIA,13
Team=Ecuador,ESTUPIÑÁN,7
Team=Ecuador,FRANCO,21
Team=Ecuador,GALINDEZ,1
Team=Ecuador,HINCAPIE,3
Team=Ecuador,J. CAICEDO,16
Team=Ecuador,M. CAICEDO,23
Team=Ecuador,MEDINA,26
Team=Ecuador,MINDA,14
Team=Ecuador,ORDÓÑEZ,4
Team=Ecuador,PACHO,6
Team=Ecuador,PAEZ,10
Team=Ecuador,PLATA,19
Team=Ecuador,POROZO,25
Team=Ecuador,PRECIADO,17
Team=Ecuador,RAMÍREZ,12
Team=Ecuador,RODRIGUEZ,11
Team=Ecuador,TORRES,2
Team=Ecuador,VALLE,22
Team=Ecuador,VITE,15
Team=Ecuador,YEBOAH ZAMORA,9
Team=Egypt,A. FATOUH,13
Team=Egypt,ABDELKARIM,9
Team=Egypt,DONGA,18
Team=Egypt,E. ASHOUR,8
Team=Egypt,H. FATHY,14
Team=Egypt,H. HASSAN,12
Team=Egypt,HOSSAM,4
Team=Egypt,I. ADEL,20
Team=Egypt,K. HAFEZ,15
Team=Egypt,M. ABDELMONIEM,6
Team=Egypt,M. ALAA,26
Team=Egypt,M. ATTIA,19
Team=Egypt,M. ELSHENAWY,1
Team=Egypt,M. HANY,3
Team=Egypt,M. LASHIN,17
Team=Egypt,M. SABER,21
Team=Egypt,M. SALAH,10
Team=Egypt,M. SOLIMAN,16
Team=Egypt,M. TREZEGUET,7
Team=Egypt,MARMOUSH,22
Team=Egypt,R. RABIAA,5
Team=Egypt,SHOUBIR,23
Team=Egypt,T. ALAA,24
Team=Egypt,YASSER,2
Team=Egypt,ZICO,11
Team=Egypt,ZIZO,25
Team=England,ANDERSON,8
Team=England,BELLINGHAM,10
Team=England,BURN,15
Team=England,D. HENDERSON,13
Team=England,EZE,21
Team=England,GORDON,18
Team=England,GUEHI,6
Team=England,HENDERSON,14
Team=England,JAMES,24
Team=England,KANE,9
Team=England,KONSA,2
Team=England,CHALOBAH,12
Team=England,MADUEKE,20
Team=England,MAINOO,16
Team=England,O'REILLY,3
Team=England,PICKFORD,1
Team=England,QUANSAH,26
Team=England,RASHFORD,11
Team=England,RICE,4
Team=England,ROGERS,17
Team=England,SAKA,7
Team=England,SPENCE,25
Team=England,STONES,5
Team=England,TONEY,22
Team=England,TRAFFORD,23
Team=England,WATKINS,19
Team=France,AKLIOUCHE,25
Team=France,BARCOLA,12
Team=France,CHERKI,24
Team=France,DEMBELE,7
Team=France,DIGNE,3
Team=France,DOUE,20
Team=France,GUSTO,2
Team=France,KANTE,13
Team=France,KONATE,15
Team=France,KONE,6
Team=France,KOUNDE,5
Team=France,L. HERNANDEZ,21
Team=France,LACROIX,26
Team=France,MAIGNAN,16
Team=France,MATETA,22
Team=France,MBAPPE,10
Team=France,OLISE,11
Team=France,RABIOT,14
Team=France,RISSER,23
Team=France,SALIBA,17
Team=France,SAMBA,1
Team=France,T. HERNANDEZ,19
Team=France,TCHOUAMENI,8
Team=France,THURAM,9
Team=France,UPAMECANO,4
Team=France,ZAIRE EMERY,18
Team=Germany,AMIRI,20
Team=Germany,ANTON,3
Team=Germany,BAUMANN,12
Team=Germany,BEIER,14
Team=Germany,BROWN,18
Team=Germany,GORETZKA,8
Team=Germany,GROß,13
Team=Germany,HAVERTZ,7
Team=Germany,OUÉDRAOGO,25
Team=Germany,KIMMICH,6
Team=Germany,LEWELING,9
Team=Germany,MUSIALA,10
Team=Germany,NEUER,1
Team=Germany,NMECHA,23
Team=Germany,NÜBEL,21
Team=Germany,PAVLOVIĆ,5
Team=Germany,RAUM,22
Team=Germany,RÜDIGER,2
Team=Germany,SANÉ,19
Team=Germany,SCHLOTTERBECK,15
Team=Germany,STILLER,16
Team=Germany,TAH,4
Team=Germany,THIAW,24
Team=Germany,UNDAV,26
Team=Germany,WIRTZ,17
Team=Germany,WOLTEMADE,11
Team=Ghana,ADJETEY,4
Team=Ghana,ADU,25
Team=Ghana,ANANG,12
Team=Ghana,ASANTE,10
Team=Ghana,ASARE,16
Team=Ghana,AYEW,9
Team=Ghana,BAAH,13
Team=Ghana,BABA,17
Team=Ghana,BOAKYE,20
Team=Ghana,CALEB,3
Team=Ghana,FATAWU,7
Team=Ghana,KAMALDEEN,22
Team=Ghana,LUCKASSEN,23
Team=Ghana,MENSAH,14
Team=Ghana,NUAMAH,24
Team=Ghana,OPOKU,18
Team=Ghana,OWUSU,15
Team=Ghana,PEPRAH,21
Team=Ghana,SEIDU,2
Team=Ghana,SEMENYO,11
Team=Ghana,SENEYA,26
Team=Ghana,SIBO,8
Team=Ghana,SULEMAN,6
Team=Ghana,THOMAS,5
Team=Ghana,WILLIAMS,19
Team=Ghana,ZIGI,1
Team=Haiti,A. PIERRE,12
Team=Haiti,ADE,4
Team=Haiti,ARCUS,2
Team=Haiti,BELLEGARDE,10
Team=Haiti,CASIMIR,21
Team=Haiti,LOUICIUS,11
Team=Haiti,DELCROIX,5
Team=Haiti,DUVERGER,23
Team=Haiti,DUVERNE,22
Team=Haiti,ETIENNE JR,7
Team=Haiti,EXPERIENCE,8
Team=Haiti,FORTUNE,19
Team=Haiti,ISIDOR,18
Team=Haiti,JEAN JACQUES,17
Team=Haiti,JOSEPH,16
Team=Haiti,METUSALA,14
Team=Haiti,LACROIX,13
Team=Haiti,NAZON,9
Team=Haiti,PAUGIN,24
Team=Haiti,PIERROT,20
Team=Haiti,PLACIDE,1
Team=Haiti,PROVIDENCE,15
Team=Haiti,SAINTE,6
Team=Haiti,SIMON,25
Team=Haiti,THERMONCY,3
Team=Haiti,W. PIERRE,26
Team=Iran,A. ALIPOUR,11
Team=Iran,A. JAHANBAKHSH,7
Team=Iran,ALI,19
Team=Iran,AMIRHOSSEIN,18
Team=Iran,ARYA,17
Team=Iran,BEIRANVAND,1
Team=Iran,DANIAL,25
Team=Iran,DARGAHI,24
Team=Iran,E. HAJISAFI,3
Team=Iran,GHODDOS,14
Team=Iran,HOSSEINI,22
Team=Iran,KANANI,13
Team=Iran,M. MOHAMMADI,5
Team=Iran,M. MOHEBBI,8
Team=Iran,M. TORABI,16
Team=Iran,MEHDI GHAYEDI,10
Team=Iran,MOHAMMAD,21
Team=Iran,PAYAM,12
Team=Iran,RAMIN,23
Team=Iran,RAZAGH,26
Team=Iran,ROOZBEH,15
Team=Iran,S. EZATOLAHI,6
Team=Iran,SALEH,2
Team=Iran,SHAHRIYAR,20
Team=Iran,SHOJA,4
Team=Iran,TAREMI,9
Team=Iraq,AHMED,15
Team=Iraq,AHMED B.,22
Team=Iraq,AHMED Q.,11
Team=Iraq,AIMAR,20
Team=Iraq,AKAM,5
Team=Iraq,AL-AMMARI,16
Team=Iraq,AL-HAMADI,9
Team=Iraq,ALI J.,17
Team=Iraq,ALI Y.,13
Team=Iraq,AYMEN,18
Team=Iraq,DOSKI,23
Team=Iraq,FAHAD,1
Team=Iraq,FRANS,26
Team=Iraq,HUSSEIN,3
Team=Iraq,IBRAHIM,8
Team=Iraq,JALAL,12
Team=Iraq,K. YAKOB,19
Team=Iraq,MARKO,21
Team=Iraq,MOHANAD,10
Team=Iraq,MUNAF,6
Team=Iraq,MUSTAFA,25
Team=Iraq,REBIN,2
Team=Iraq,YOUSSEF,7
Team=Iraq,Z.IQBAL,14
Team=Iraq,ZAID I.,24
Team=Iraq,ZAID T.,4
Team=Ivory Coast,ADINGRA,10
Team=Ivory Coast,AGBADOU,20
Team=Ivory Coast,AMAD,15
Team=Ivory Coast,BONNY,9
Team=Ivory Coast,DIAKITE,14
Team=Ivory Coast,FOFANA,6
Team=Ivory Coast,G. DOUE,17
Team=Ivory Coast,G. KONAN,3
Team=Ivory Coast,GUESSAND,22
Team=Ivory Coast,GUIAGON,25
Team=Ivory Coast,INAO,26
Team=Ivory Coast,KESSIE,8
Team=Ivory Coast,KONE,16
Team=Ivory Coast,KOSSOUNOU,7
Team=Ivory Coast,LAFONT,23
Team=Ivory Coast,NDICKA,21
Team=Ivory Coast,O. DIOMANDE,2
Team=Ivory Coast,OPERI,13
Team=Ivory Coast,PEPE,19
Team=Ivory Coast,SANGARE,18
Team=Ivory Coast,SERI,4
Team=Ivory Coast,SINGO,5
Team=Ivory Coast,TOURE,24
Team=Ivory Coast,WAHI,12
Team=Ivory Coast,Y. FOFANA,1
Team=Ivory Coast,YAN DIOMANDE,11
Team=Japan,AYASE,18
Team=Japan,DAIZEN,11
Team=Japan,DOAN,10
Team=Japan,MACHINO,6
Team=Japan,GOTO,9
Team=Japan,H. ITO,21
Team=Japan,HAYAKAWA,23
Team=Japan,ITAKURA,4
Team=Japan,ITO,14
Team=Japan,J. SUZUKI,25
Team=Japan,KAMADA,15
Team=Japan,KUBO,8
Team=Japan,NAGATOMO,5
Team=Japan,NAKAMURA,13
Team=Japan,OGAWA,19
Team=Japan,OSAKO,12
Team=Japan,SANO,24
Team=Japan,SEKO,20
Team=Japan,SHIOGAI,26
Team=Japan,SUGAWARA,2
Team=Japan,SUZUKI,1
Team=Japan,TANAKA,7
Team=Japan,TANIGUCHI,3
Team=Japan,TOMIYASU,22
Team=Japan,WATANABE,16
Team=Japan,Y. SUZUKI,17
Team=Jordan,ABU ALNADI,16
Team=Jordan,ABU DAHAB,4
Team=Jordan,ABU HASHEESH,2
Team=Jordan,ABU TAHA,20
Team=Jordan,ABU ZRAIQ,7
Team=Jordan,ALARAB,5
Team=Jordan,ALDAOUD,25
Team=Jordan,ALFAKHORI,22
Team=Jordan,ALMARDI,13
Team=Jordan,ALRAWABDEH,8
Team=Jordan,ALTAMARI,10
Team=Jordan,AZAIZEH,24
Team=Jordan,BADAWI,26
Team=Jordan,BANI ATEYAH,12
Team=Jordan,EHSAN,23
Team=Jordan,JAMOUS,6
Team=Jordan,NASIB,3
Team=Jordan,NIZAR,21
Team=Jordan,ODEH,11
Team=Jordan,OLWAN,9
Team=Jordan,RAJA'EI,14
Team=Jordan,SA'DEH,15
Team=Jordan,SA'ED,19
Team=Jordan,ABU GHOUSH,18
Team=Jordan,SALEEM,17
Team=Jordan,YAZEED,1
Team=Mexico,A. GONZÁLEZ,14
Team=Mexico,A. VEGA,10
Team=Mexico,B. GUTIÉRREZ,26
Team=Mexico,C. ACEVEDO,12
Team=Mexico,C. HUERTA,21
Team=Mexico,C. MONTES,3
Team=Mexico,E. LIRA,6
Team=Mexico,E. ÁLVAREZ,4
Team=Mexico,FIDALGO,8
Team=Mexico,G. MARTÍNEZ,22
Team=Mexico,G. MORA,19
Team=Mexico,G. OCHOA,13
Team=Mexico,I. REYES,15
Team=Mexico,J. GALLARDO,23
Team=Mexico,J. QUIÑONES,16
Team=Mexico,J. SÁNCHEZ,2
Team=Mexico,J. VÁSQUEZ,5
Team=Mexico,L. CHÁVEZ,24
Team=Mexico,L. ROMO,7
Team=Mexico,M. CHÁVEZ,20
Team=Mexico,O. VARGAS,18
Team=Mexico,ORBELÍN,17
Team=Mexico,R. ALVARADO,25
Team=Mexico,R. RANGEL,1
Team=Mexico,RAÚL,9
Team=Mexico,S. GIMENEZ,11
Team=Morocco,SAADANE,5
Team=Morocco,AMAIMOUNI,21
Team=Morocco,AMRABAT,4
Team=Morocco,BELAMMARI,19
Team=Morocco,BONO,1
Team=Morocco,BOUADDI,6
Team=Morocco,BRAHIM,10
Team=Morocco,EL AYNAOUI,24
Team=Morocco,EL KAABI,20
Team=Morocco,EL KAJOUI,12
Team=Morocco,EL KHANNOUSS,23
Team=Morocco,EL MOURABET,15
Team=Morocco,EL OUAHDI,13
Team=Morocco,SBAÏ,17
Team=Morocco,HAKIMI,2
Team=Morocco,HALHAL,25
Team=Morocco,ISSA,14
Team=Morocco,MAZRAOUI,3
Team=Morocco,OUNAHI,8
Team=Morocco,RAHIMI,9
Team=Morocco,RIAD,18
Team=Morocco,SAIBARI,11
Team=Morocco,SALAH-EDDINE,26
Team=Morocco,TAGNAOUTI,22
Team=Morocco,TALBI,7
Team=Morocco,YASSINE,16
Team=Netherlands,AKÉ,5
Team=Netherlands,BROBBEY,19
Team=Netherlands,DE ROON,3
Team=Netherlands,DUMFRIES,22
Team=Netherlands,F. DE JONG,21
Team=Netherlands,FLEKKEN,23
Team=Netherlands,GAKPO,11
Team=Netherlands,GRAVENBERCH,8
Team=Netherlands,HATO,25
Team=Netherlands,GEERTRUIDA,2
Team=Netherlands,KLUIVERT,7
Team=Netherlands,KOOPMEINERS,20
Team=Netherlands,LANG,17
Team=Netherlands,MALEN,18
Team=Netherlands,MEMPHIS,10
Team=Netherlands,Q. TIMBER,26
Team=Netherlands,REIJNDERS,14
Team=Netherlands,ROEFS,13
Team=Netherlands,SUMMERVILLE,24
Team=Netherlands,TIL,16
Team=Netherlands,VAN DE VEN,15
Team=Netherlands,VAN HECKE,6
Team=Netherlands,VERBRUGGEN,1
Team=Netherlands,VIRGIL,4
Team=Netherlands,WEGHORST,9
Team=Netherlands,WIEFFER,12
Team=New Zealand,BARBAROUSES,17
Team=New Zealand,BAYLISS,25
Team=New Zealand,BELL,6
Team=New Zealand,BINDON,4
Team=New Zealand,BOXALL,5
Team=New Zealand,CACACE,13
Team=New Zealand,CROCOMBE,1
Team=New Zealand,DE VRIES,3
Team=New Zealand,ELLIOT,24
Team=New Zealand,ROGERSON,7
Team=New Zealand,JUST,11
Team=New Zealand,MCCOWATT,20
Team=New Zealand,OLD,19
Team=New Zealand,PAULSEN,12
Team=New Zealand,PAYNE,2
Team=New Zealand,PIJNAKER,15
Team=New Zealand,RANDALL,21
Team=New Zealand,RUFER,14
Team=New Zealand,SINGH,10
Team=New Zealand,SMITH,26
Team=New Zealand,STAMENIC,8
Team=New Zealand,SURMAN,16
Team=New Zealand,THOMAS,23
Team=New Zealand,WAINE,18
Team=New Zealand,WOOD,9
Team=New Zealand,WOUD,22
Team=Norway,AASGAARD,19
Team=Norway,AURSNES,14
Team=Norway,BERG,6
Team=Norway,BERGE,8
Team=Norway,BJØRKAN,15
Team=Norway,BOBB,22
Team=Norway,BRAUT HAALAND,9
Team=Norway,FALCHENER,25
Team=Norway,HAUGE,23
Team=Norway,HEGGEM,17
Team=Norway,HOLMGREN,16
Team=Norway,LANGÅS,24
Team=Norway,MØLLER WOLFE,5
Team=Norway,NUSA,20
Team=Norway,NYLAND,1
Team=Norway,RYERSON,26
Team=Norway,SCHJELDERUP,21
Team=Norway,SELVIK,13
Team=Norway,STRAND LARSEN,11
Team=Norway,SØRLOTH,7
Team=Norway,TANGVIK,12
Team=Norway,THORSBY,2
Team=Norway,THORSTVEDT,18
Team=Norway,VASSBAKK AJER,3
Team=Norway,ØDEGAARD,10
Team=Norway,ØSTIGÅRD,4
Team=Panama,A. MURILLO,23
Team=Panama,ANDRADE,16
Team=Panama,BLACKMAN,2
Team=Panama,BÁRCENAS,11
Team=Panama,CARRASQUILLA,8
Team=Panama,CORDOBA,3
Team=Panama,DAVIS,15
Team=Panama,F. ESCOBAR,4
Team=Panama,FAJARDO,17
Team=Panama,FARIÑA,5
Team=Panama,GODOY,20
Team=Panama,GUTIÉRREZ,26
Team=Panama,HARVEY,14
Team=Panama,ISMAEL,10
Team=Panama,J.L. RODRÍGUEZ,7
Team=Panama,LONDOÑO,24
Team=Panama,MARTÍNEZ,6
Team=Panama,MEJÍA,1
Team=Panama,MILLER,25
Team=Panama,MOSQUERA,22
Team=Panama,QUINTERO,19
Team=Panama,RAMOS,13
Team=Panama,SAMUDIO,12
Team=Panama,T. RODRÍGUEZ,9
Team=Panama,WATERMAN,18
Team=Panama,YANIS,21
Team=Paraguay,ALDERETE,3
Team=Paraguay,ALONSO,6
Team=Paraguay,ARCE,18
Team=Paraguay,AVALOS,21
Team=Paraguay,BALBUENA,5
Team=Paraguay,BOBADILLA,16
Team=Paraguay,CABALLERO,24
Team=Paraguay,CACERES,4
Team=Paraguay,CANALE,13
Team=Paraguay,CUBAS,14
Team=Paraguay,D. GOMEZ,8
Team=Paraguay,ENCISO,19
Team=Paraguay,FERNANDEZ,1
Team=Paraguay,G. GOMEZ,15
Team=Paraguay,GALARZA,23
Team=Paraguay,M. ALMIRON,10
Team=Paraguay,MAIDANA,26
Team=Paraguay,MAURICIO,11
Team=Paraguay,O. GILL,12
Team=Paraguay,OJEDA,20
Team=Paraguay,OLVEIRA,22
Team=Paraguay,PITTA,25
Team=Paraguay,R. GAMARRA,17
Team=Paraguay,SANABRIA,9
Team=Paraguay,SOSA,7
Team=Paraguay,VELAZQUEZ,2
Team=Portugal,B. FERNANDES,8
Team=Portugal,BERNARDO,10
Team=Portugal,DALOT,5
Team=Portugal,DIOGO COSTA,1
Team=Portugal,F. CONCEIÇÃO,26
Team=Portugal,G. GUEDES,19
Team=Portugal,G. INÁCIO,14
Team=Portugal,G. RAMOS,9
Team=Portugal,JOSÉ SÁ,12
Team=Portugal,JOÃO CANCELO,20
Team=Portugal,JOÃO FÉLIX,11
Team=Portugal,JOÃO NEVES,15
Team=Portugal,MATHEUS N.,6
Team=Portugal,N. MENDES,25
Team=Portugal,N. SEMEDO,2
Team=Portugal,NETO,18
Team=Portugal,R. NEVES,21
Team=Portugal,RAFA LEÃO,17
Team=Portugal,RENATO VEIGA,13
Team=Portugal,RONALDO,7
Team=Portugal,RUI SILVA,22
Team=Portugal,RÚBEN DIAS,3
Team=Portugal,SAMÚ,24
Team=Portugal,TOMÁS A.,4
Team=Portugal,TRINCÃO,16
Team=Portugal,VITINHA,23
Team=Qatar,A. ALGANEHI,17
Team=Qatar,A. AZIZ,6
Team=Qatar,A. FATHY,20
Team=Qatar,ABUNADA,1
Team=Qatar,AFIF,11
Team=Qatar,ALAAELDIN,7
Team=Qatar,ALHASHMI,25
Team=Qatar,ALHAYDOS,10
Team=Qatar,ALMOEZ,19
Team=Qatar,AYOUB,13
Team=Qatar,BARSHAM,22
Team=Qatar,EDMILSON JR.,8
Team=Qatar,GUEYE,4
Team=Qatar,HOMAM,14
Team=Qatar,JASSEM,5
Team=Qatar,KARIM,12
Team=Qatar,KHOUKHI,16
Team=Qatar,L.MENDES,3
Team=Qatar,MADIBO,23
Team=Qatar,MANAI,26
Team=Qatar,MUNTARI,9
Team=Qatar,PEDRO,2
Team=Qatar,SALAH,21
Team=Qatar,SULTAN,18
Team=Qatar,TAHSIN,24
Team=Qatar,YUSUF,15
Team=Saudi Arabia,AIMAN,8
Team=Saudi Arabia,ALAMRI,4
Team=Saudi Arabia,ALAQIDI,1
Team=Saudi Arabia,ALHAJJI,18
Team=Saudi Arabia,ALHAMDDAN,19
Team=Saudi Arabia,ALKASSAR,22
Team=Saudi Arabia,ALKHAIBARI,15
Team=Saudi Arabia,ALOWAIS,21
Team=Saudi Arabia,ALSHEHRI,11
Team=Saudi Arabia,ALTAMBAKTI,5
Team=Saudi Arabia,FERAS,9
Team=Saudi Arabia,JEHAD,25
Team=Saudi Arabia,KADISH,14
Team=Saudi Arabia,KANNO,23
Team=Saudi Arabia,KHALID,17
Team=Saudi Arabia,LAJAMI,3
Team=Saudi Arabia,MAJRASHI,2
Team=Saudi Arabia,MANDASH,20
Team=Saudi Arabia,MOHAMMED,26
Team=Saudi Arabia,MOTEB,24
Team=Saudi Arabia,MUSAB,7
Team=Saudi Arabia,NASSER,6
Team=Saudi Arabia,NAWAF,13
Team=Saudi Arabia,SALEM,10
Team=Saudi Arabia,SAUD,12
Team=Saudi Arabia,ZIYAD,16
Team=Scotland,ADAMS,10
Team=Scotland,CHRISTIE,11
Team=Scotland,CURTIS,25
Team=Scotland,DYKES,9
Team=Scotland,FERGUSON,19
Team=Scotland,FLETCHER,8
Team=Scotland,GANNON DOAK,17
Team=Scotland,GORDON,21
Team=Scotland,GUNN,1
Team=Scotland,HANLEY,5
Team=Scotland,HENDRY,13
Team=Scotland,HICKEY,2
Team=Scotland,HIRST,18
Team=Scotland,HYAM,16
Team=Scotland,KELLY,12
Team=Scotland,MCGINN,7
Team=Scotland,MCKENNA,26
Team=Scotland,MCLEAN,23
Team=Scotland,MCTOMINAY,4
Team=Scotland,PATTERSON,22
Team=Scotland,RALSTON,24
Team=Scotland,ROBERTSON,3
Team=Scotland,SHANKLAND,20
Team=Scotland,SOUTTAR,15
Team=Scotland,STEWART,14
Team=Scotland,TIERNEY,6
Team=Senegal,A. MENDY,24
Team=Senegal,B. DIENG,9
Team=Senegal,BARA,22
Team=Senegal,CHERIF,12
Team=Senegal,DIAO,7
Team=Senegal,DIAW,23
Team=Senegal,DIOUF,25
Team=Senegal,GANA,5
Team=Senegal,GUEYE,26
Team=Senegal,H. DIARRA,21
Team=Senegal,JACKSON,11
Team=Senegal,JAKOBS,14
Team=Senegal,KOULIBALY,3
Team=Senegal,KRÉPIN,15
Team=Senegal,LAMINE,8
Team=Senegal,MANÉ,10
Team=Senegal,MBAYE,20
Team=Senegal,MENDY,16
Team=Senegal,NDIAYE,13
Team=Senegal,NIAKHATE,19
Team=Senegal,P.I. CISS,6
Team=Senegal,P.M. SARR,17
Team=Senegal,SARR,2
Team=Senegal,SARR,18
Team=Senegal,SECK,4
Team=Senegal,Y. DIOUF,1
Team=South Africa,ADAMS,23
Team=South Africa,APPOLLIS,7
Team=South Africa,CHAINE,16
Team=South Africa,CROSS,26
Team=South Africa,FOSTER,9
Team=South Africa,GOSS,22
Team=South Africa,KABINI,18
Team=South Africa,MAKGPA,17
Team=South Africa,MAKHANYA,24
Team=South Africa,MASEKO,12
Team=South Africa,MATULUDI,2
Team=South Africa,MBATHA,5
Team=South Africa,MBOKAZI,14
Team=South Africa,MODIBA,6
Team=South Africa,MOFOKENG,10
Team=South Africa,MOKOENA,4
Team=South Africa,MOREMI,8
Team=South Africa,MUDAU,20
Team=South Africa,NDAMANE,3
Team=South Africa,OKON,21
Team=South Africa,RAYNERS,15
Team=South Africa,SEBELEBELE,25
Team=South Africa,SIBISI,19
Team=South Africa,SITHOLE,13
Team=South Africa,WILLIAMS,1
Team=South Africa,ZWANE,11
Team=South Korea,BUMKEUN,12
Team=South Korea,DONGGYEONG,26
Team=South Korea,GIHYUK,3
Team=South Korea,GUESUNG,9
Team=South Korea,HANBEOM,2
Team=South Korea,HEECHAN,11
Team=South Korea,HEUNGMIN,7
Team=South Korea,HYEONGYU,18
Team=South Korea,HYEONWOO,21
Team=South Korea,HYUNJUN,20
Team=South Korea,INBEOM,6
Team=South Korea,JAESUNG,10
Team=South Korea,JENS,23
Team=South Korea,JINGYU,24
Team=South Korea,JINSEOB,16
Team=South Korea,JISUNG,25
Team=South Korea,JUNHO,17
Team=South Korea,KANGIN,19
Team=South Korea,MINJAE,4
Team=South Korea,MOONHWAN,15
Team=South Korea,SEUNGGYU,1
Team=South Korea,SEUNGHO,8
Team=South Korea,TAEHYEON,5
Team=South Korea,TAESEOK,13
Team=South Korea,WIJE,14
Team=South Korea,YOUNGWOO,22
Team=Spain,ALEX B.,15
Team=Spain,B. IGLESIAS,26
Team=Spain,CUBARSÍ,22
Team=Spain,CUCURELLA,24
Team=Spain,ERIC,4
Team=Spain,FABIÁN,8
Team=Spain,FERRAN,7
Team=Spain,GAVI,9
Team=Spain,GRIMALDO,3
Team=Spain,JOAN GARCIA,13
Team=Spain,LAMINE YAMAL,19
Team=Spain,LAPORTE,14
Team=Spain,M. LLORENTE,5
Team=Spain,MARC PUBILL,2
Team=Spain,MERINO,6
Team=Spain,OLMO,10
Team=Spain,OYARZABAL,21
Team=Spain,PEDRI,20
Team=Spain,PEDRO PORRO,12
Team=Spain,RAYA,1
Team=Spain,RODRIGO,16
Team=Spain,UNAI SIMÓN,23
Team=Spain,VICTOR M.V.,25
Team=Spain,WILLIAMS JR,17
Team=Spain,YEREMY,11
Team=Spain,ZUBIMENDI,18
Team=Sweden,ALI,26
Team=Sweden,AYARI,18
Team=Sweden,BERGVALL,7
Team=Sweden,BERNHARDSSON,21
Team=Sweden,EKDAL,14
Team=Sweden,ELANGA,11
Team=Sweden,GUDMUNDSSON,5
Team=Sweden,GYÖKERES,17
Team=Sweden,H. JOHANSSON,6
Team=Sweden,HIEN,4
Team=Sweden,ISAK,9
Team=Sweden,KARLSTRÖM,16
Team=Sweden,LAGERBIELKE,2
Team=Sweden,LINDELÖF,3
Team=Sweden,NILSSON,25
Team=Sweden,NORDFELDT,23
Team=Sweden,NYGREN,10
Team=Sweden,SEMA,13
Team=Sweden,SMITH,20
Team=Sweden,STARFELT,15
Team=Sweden,STROUD,24
Team=Sweden,SVANBERG,19
Team=Sweden,SVENSSON,8
Team=Sweden,V. JOHANSSON,12
Team=Sweden,ZENELI,22
Team=Sweden,ZETTERSTRÖM,1
Team=Switzerland,AEBISCHER,20
Team=Switzerland,AKANJI,5
Team=Switzerland,AMDOUNI,23
Team=Switzerland,AMENDA,24
Team=Switzerland,CÖMERT,18
Team=Switzerland,ELVEDI,4
Team=Switzerland,EMBOLO,7
Team=Switzerland,FASSNACHT,16
Team=Switzerland,FREULER,8
Team=Switzerland,ITTEN,26
Team=Switzerland,JAQUEZ,25
Team=Switzerland,JASHARI,14
Team=Switzerland,KELLER,21
Team=Switzerland,KOBEL,1
Team=Switzerland,MANZAMBI,9
Team=Switzerland,MUHEIM,2
Team=Switzerland,MVOGO,12
Team=Switzerland,NODYE,11
Team=Switzerland,OKAFOR,19
Team=Switzerland,RIEDER,22
Team=Switzerland,RODRIGUEZ,13
Team=Switzerland,SOW,15
Team=Switzerland,VARGAS,17
Team=Switzerland,WIDMER,3
Team=Switzerland,XHAKA,10
Team=Switzerland,ZAKARIA,6
Team=Tunisia,ABDI,2
Team=Tunisia,ACHOURI,7
Team=Tunisia,AROUS,5
Team=Tunisia,AYARI,14
Team=Tunisia,BELHADJ MAHMOUD,15
Team=Tunisia,BEN HMIDA,21
Team=Tunisia,BEN HSAN,22
Team=Tunisia,BEN OUANES,12
Team=Tunisia,BRONN,6
Team=Tunisia,CHAMAKH,1
Team=Tunisia,CHAOUAT,19
Team=Tunisia,CHIKHAOUI,24
Team=Tunisia,DAHMEN,16
Team=Tunisia,ELLOUMI,18
Team=Tunisia,GHARBI,11
Team=Tunisia,KHEDIRA,13
Team=Tunisia,MASTOURI,9
Team=Tunisia,MEJBRI,10
Team=Tunisia,NEFFATI,23
Team=Tunisia,REKIK,4
Team=Tunisia,SAAD,8
Team=Tunisia,SKHIRI,17
Team=Tunisia,SLIMANE,25
Team=Tunisia,TALBI,3
Team=Tunisia,TOUNEKTI,26
Team=Tunisia,VALERY,20
Team=Turkey,ABDÜLKERİM,14
Team=Turkey,AKTÜRKOĞLU,7
Team=Turkey,ALTAY,12
Team=Turkey,ARDA GÜLER,8
Team=Turkey,BARIŞ,21
Team=Turkey,CAN UZUN,26
Team=Turkey,DEMİRAL,3
Team=Turkey,DENİZ GÜL,9
Team=Turkey,EREN ELMALI,13
Team=Turkey,F. KADIOĞLU,20
Team=Turkey,KAAN,22
Team=Turkey,KAHVECİ,17
Team=Turkey,MERT,1
Team=Turkey,MERT MÜLDÜR,18
Team=Turkey,ORKUN KÖKÇÜ,6
Team=Turkey,OZAN KABAK,15
Team=Turkey,OĞUZ,24
Team=Turkey,SAMET AKAYDIN,25
Team=Turkey,UĞURCAN,23
Team=Turkey,YILDIZ,11
Team=Turkey,YUNUS,19
Team=Turkey,ZEKİ ÇELİK,2
Team=Turkey,ÇALHANOĞLU,10
Team=Turkey,ÇAĞLAR,4
Team=Turkey,ÖZCAN,5
Team=Turkey,İSMAİL,16
Team=USA,A. ROBINSON,5
Team=USA,AARONSON,11
Team=USA,ADAMS,4
Team=USA,ARFSTEN,18
Team=USA,BALOGUN,20
Team=USA,BERHALTER,14
Team=USA,BRADY,25
Team=USA,DEST,2
Team=USA,FREEMAN,16
Team=USA,FREESE,24
Team=USA,M. ROBINSON,12
Team=USA,MCKENNIE,8
Team=USA,MCKENZIE,22
Team=USA,PEPI,9
Team=USA,PULISIC,10
Team=USA,REAM,13
Team=USA,REYNA,7
Team=USA,RICHARDS,3
Team=USA,ROLDAN,15
Team=USA,SCALLY,23
Team=USA,TILLMAN,17
Team=USA,TRUSTY,6
Team=USA,TURNER,1
Team=USA,WEAH,21
Team=USA,WRIGHT,19
Team=USA,ZENDEJAS,26
Team=Uruguay,A. CANOBBIO,14
Team=Uruguay,B. RODRIGUEZ,18
Team=Uruguay,D. NUÑEZ,9
Team=Uruguay,E. MARTINEZ,15
Team=Uruguay,F. MUSLERA,23
Team=Uruguay,F. PELLISTRI,11
Team=Uruguay,F. VALVERDE,8
Team=Uruguay,F. VIÑAS,21
Team=Uruguay,G. DE ARRASCAETA,10
Team=Uruguay,G. VARELA,13
Team=Uruguay,J. PIQUEREZ,22
Team=Uruguay,J.M. GIMÉNEZ,2
Team=Uruguay,J.M. SANABRIA,25
Team=Uruguay,M. ARAUJO,20
Team=Uruguay,M. OLIVERA,16
Team=Uruguay,M. UGARTE,5
Team=Uruguay,M. VIÑA,17
Team=Uruguay,N. DE LA CRUZ,7
Team=Uruguay,R. AGUIRRE,19
Team=Uruguay,R. ARAUJO,4
Team=Uruguay,R. BENTANCUR,6
Team=Uruguay,R. ZALAZAR,26
Team=Uruguay,S. BUENO,24
Team=Uruguay,S. CACERES,3
Team=Uruguay,S. MELE,12
Team=Uruguay,S. ROCHET,1
Team=Uzbekistan,ABDULLAEV,18
Team=Uzbekistan,ALIJONOV,3
Team=Uzbekistan,AMONOV,20
Team=Uzbekistan,ASHURMATOV,5
Team=Uzbekistan,ERGASHEV,16
Team=Uzbekistan,ESANOV,23
Team=Uzbekistan,ESHMURODOV,15
Team=Uzbekistan,FAYZULLAEV,22
Team=Uzbekistan,GANIEV,19
Team=Uzbekistan,ISKANDEROV,8
Team=Uzbekistan,KARIMOV,24
Team=Uzbekistan,KHAMDAMOV,17
Team=Uzbekistan,KHUSANOV,2
Team=Uzbekistan,JIYANOV,10
Team=Uzbekistan,MOZGOVOY,6
Team=Uzbekistan,NASRULLAEV,13
Team=Uzbekistan,NEMATOV,12
Team=Uzbekistan,SAYFIEV,4
Team=Uzbekistan,SERGEEV,21
Team=Uzbekistan,SHOMURODOV,14
Team=Uzbekistan,SHUKUROV,7
Team=Uzbekistan,ULMASALIYEV,25
Team=Uzbekistan,UROZOV,26
Team=Uzbekistan,URUNOV,11
Team=Uzbekistan,XAMROBEKOV,9
Team=Uzbekistan,YUSUPOV,1
MEX,R. Rangel,1
MEX,C. Montes,3
MEX,E. Álvarez,4
MEX,J. Vásquez,5
MEX,E. Lira,6
MEX,Á. Fidalgo,8
MEX,R. Jiménez,9
MEX,E. Vega,10
MEX,A. González,14
MEX,I. Reyes,15
MEX,J. Quiñones,16
MEX,G. Mora,19
MEX,J. Gallardo,23
MEX,L. Chávez,24
MEX,R. Alvarado,25
MEX,B. Gutiérrez,26
RSA,R. Williams,1
RSA,T. Mokoena,4
RSA,T. Mbatha,5
RSA,A. Modiba,6
RSA,O. Appollis,7
RSA,L. Foster,9
RSA,T. Zwane,11
RSA,Y. Sithole,13
RSA,M. Mbokazi,14
RSA,I. Rayners,15
RSA,S. Makgopa,17
RSA,N. Sibisi,19
RSA,K. Mudau,20
RSA,I. Okon,21
RSA,J. Adams,23
